{
    "Logistic Regression": {
        "train": {
            "accuracy": 0.9688149688149689,
            "precision": 0.9647058823529412,
            "recall": 0.9689807976366323,
            "f1": 0.9668386145910096
        },
        "val": {
            "accuracy": 0.7080745341614907,
            "precision": 0.6986301369863014,
            "recall": 0.6710526315789473,
            "f1": 0.6845637583892618
        }
    },
    "SVM": {
        "train": {
            "accuracy": 0.9826749826749827,
            "precision": 0.9822485207100592,
            "recall": 0.9807976366322009,
            "f1": 0.9815225424981523
        },
        "val": {
            "accuracy": 0.7142857142857143,
            "precision": 0.7027027027027027,
            "recall": 0.6842105263157895,
            "f1": 0.6933333333333334
        }
    },
    "Random Forest": {
        "train": {
            "accuracy": 1.0,
            "precision": 1.0,
            "recall": 1.0,
            "f1": 1.0
        },
        "val": {
            "accuracy": 0.7577639751552795,
            "precision": 0.7283950617283951,
            "recall": 0.7763157894736842,
            "f1": 0.7515923566878981
        }
    },
    "Gradient Boosting": {
        "train": {
            "accuracy": 1.0,
            "precision": 1.0,
            "recall": 1.0,
            "f1": 1.0
        },
        "val": {
            "accuracy": 0.7204968944099379,
            "precision": 0.7066666666666667,
            "recall": 0.6973684210526315,
            "f1": 0.7019867549668874
        }
    },
    "MLP": {
        "train": {
            "accuracy": 0.7920997920997921,
            "precision": 0.7383059418457648,
            "recall": 0.8626292466765141,
            "f1": 0.7956403269754768
        },
        "val": {
            "accuracy": 0.7577639751552795,
            "precision": 0.7228915662650602,
            "recall": 0.7894736842105263,
            "f1": 0.7547169811320755
        }
    },
    "XGBoost": {
        "train": {
            "accuracy": 1.0,
            "precision": 1.0,
            "recall": 1.0,
            "f1": 1.0
        },
        "val": {
            "accuracy": 0.7515527950310559,
            "precision": 0.7368421052631579,
            "recall": 0.7368421052631579,
            "f1": 0.7368421052631579
        }
    }
}