{
    "Logistic Regression": {
        "train": {
            "accuracy": 0.9514899514899515,
            "precision": 0.9430656934306569,
            "recall": 0.9542097488921714,
            "f1": 0.9486049926578561
        },
        "val": {
            "accuracy": 0.7204968944099379,
            "precision": 0.6962025316455697,
            "recall": 0.7236842105263158,
            "f1": 0.7096774193548387
        }
    },
    "SVM": {
        "train": {
            "accuracy": 0.9064449064449065,
            "precision": 0.882768361581921,
            "recall": 0.9231905465288035,
            "f1": 0.9025270758122743
        },
        "val": {
            "accuracy": 0.7639751552795031,
            "precision": 0.7435897435897436,
            "recall": 0.7631578947368421,
            "f1": 0.7532467532467533
        }
    },
    "Random Forest": {
        "train": {
            "accuracy": 1.0,
            "precision": 1.0,
            "recall": 1.0,
            "f1": 1.0
        },
        "val": {
            "accuracy": 0.7701863354037267,
            "precision": 0.7294117647058823,
            "recall": 0.8157894736842105,
            "f1": 0.7701863354037267
        }
    },
    "Gradient Boosting": {
        "train": {
            "accuracy": 1.0,
            "precision": 1.0,
            "recall": 1.0,
            "f1": 1.0
        },
        "val": {
            "accuracy": 0.7515527950310559,
            "precision": 0.7307692307692307,
            "recall": 0.75,
            "f1": 0.7402597402597403
        }
    },
    "MLP": {
        "train": {
            "accuracy": 0.9542619542619543,
            "precision": 0.9370529327610873,
            "recall": 0.9675036927621861,
            "f1": 0.9520348837209303
        },
        "val": {
            "accuracy": 0.7701863354037267,
            "precision": 0.7468354430379747,
            "recall": 0.7763157894736842,
            "f1": 0.7612903225806451
        }
    },
    "XGBoost": {
        "train": {
            "accuracy": 1.0,
            "precision": 1.0,
            "recall": 1.0,
            "f1": 1.0
        },
        "val": {
            "accuracy": 0.7515527950310559,
            "precision": 0.725,
            "recall": 0.7631578947368421,
            "f1": 0.7435897435897436
        }
    }
}